X,Y,Z,Name,
-80.2062391,25.8304366,0,Point 1
-80.2056461,25.8344284,0,Point 2
-80.2057132,25.8381401,0,Point 3
-80.2076831,25.8453476,0,Point 4
-80.20752,25.8505164,0,Point 5
-80.2085597,25.8598872,0,Point 6
-80.2079835,25.863941,0,Point 7
-80.2087815,25.8674953,0,Point 8
-80.2082251,25.8709471,0,Point 9
-80.2094001,25.8819875,0,Point 10
-80.2095464,25.8874794,0,Point 11
-80.2090486,25.8910007,0,Point 12
-80.2099775,25.896617,0,Point 13
-80.2097082,25.9015355,0,Point 14
-80.2103806,25.9116282,0,Point 15
-80.2090705,25.9257686,0,Point 16
-80.2055967,25.9297517,0,Point 17
-80.2045261,25.9304325,0,Point 18
-80.1876555,25.9438983,0,Point 19
-80.1864727,25.9445659,0,Point 20
-80.1673779,25.961423,0,Point 21
-80.1650197,25.9672928,0,Point 22
-80.1659838,25.9822731,0,Point 23
-80.1653698,25.987356,0,Point 24
-80.1662995,25.993847,0,Point 25
-80.1660904,25.9993762,0,Point 26
-81.4151463,28.5090152,0,"John Young Pkwy, I-4 E"
-81.4007472,28.5100063,0,"Orange Blossom Trl, I-4 W"
-81.3950193,28.5107997,0,"Orange Blossom Trl, I-4 E"
-81.3862598,28.5184609,0,"Michigan St, I-4 E"
-81.3876905,28.5177812,0,"Kaley St, I-4 W"
-83.8157756,34.0965951,0,Point 32
-83.9152936,34.075063,0,Point 33
-83.9197489,34.0753723,0,Point 34
-83.9436199,34.0640872,0,Point 35
-83.9515202,34.0621705,0,Point 36
-83.9879623,34.0570308,0,Point 37
-83.9986638,34.0568782,0,Point 38
-84.0463116,34.0311459,0,Point 39
-84.0498844,34.0291979,0,Point 40
-84.1323142,33.9514941,0,Point 41
-84.1399117,33.9479954,0,Point 42
-84.1570238,33.9377101,0,Point 43
-84.1609472,33.935688,0,Point 44
-84.1746106,33.9284384,0,Point 45
-84.1798659,33.9269146,0,Point 46
-84.2055954,33.9125898,0,Point 47
-84.2123082,33.9117445,0,Point 48
-78.7311554,35.9112928,0,"Leesville Rd, I-540 W"
-78.6845743,35.9154574,0,"Creedmoor Rd, I-540 W"
-78.6538129,35.9124229,0,"Six Forks Rd, I-540 W"
-78.6113495,35.8997774,0,"Falls of Neuse Rd, I-540 W"
-84.2716724,33.8798013,0,Point 53
-84.3323472,33.8331253,0,Point 54
-84.3381818,33.8312989,0,Point 55
-84.3914537,33.7802891,0,Point 56
-84.3898793,33.770617,0,Point 57
-84.3896292,33.7667251,0,Point 58
-84.3800212,33.761367,0,Point 59
-84.3800835,33.7612856,0,Point 60
-84.3792981,33.7581066,0,Point 61
-84.3791445,33.7568377,0,Point 62
-84.3782335,33.7585082,0,Point 63
-84.3793367,33.7535928,0,Point 64
-84.3831895,33.7487082,0,Point 65
-84.3897743,33.7447414,0,Point 66
-84.3923766,33.7376376,0,Point 67
-84.3925148,33.7353573,0,Point 68
-84.3935996,33.7234019,0,Point 69
-84.3960841,33.7211204,0,Point 70
-84.4106009,33.6826984,0,Point 71
-84.4559884,33.6314063,0,Point 72
-84.5105261,33.586311,0,Point 73
-84.5163987,33.5827499,0,Point 74
-84.5318911,33.5685573,0,Point 75
-84.5361786,33.5651478,0,Point 76
-84.5740069,33.5471928,0,Point 77
-84.6560639,34.0800299,0,Point 78
-84.6515348,34.0785723,0,Point 79
-84.5978373,34.0569139,0,Point 80
-84.5910704,34.0517965,0,Point 81
-84.5771905,34.0357631,0,Point 82
-84.5763666,34.0297274,0,Point 83
-84.567855,34.0130407,0,Point 84
-84.5670453,34.007219,0,Point 85
-84.5447966,33.9875819,0,Point 86
-84.5358971,33.9777403,0,Point 87
-84.5213303,33.9638765,0,Point 88
-84.5183254,33.9594406,0,Point 89
-84.5085305,33.9439732,0,Point 90
-84.5020362,33.9391516,0,Point 91
-84.4862898,33.9252391,0,Point 92
-84.4849564,33.9211415,0,Point 93
-84.4739785,33.9035452,0,Point 94
-84.4696864,33.8971919,0,Point 95
-84.4555889,33.8844314,0,Point 96
-84.4509555,33.8780649,0,Point 97
-84.4375554,33.8621751,0,Point 98
-84.4310527,33.8476415,0,Point 99
-84.4299803,33.8466136,0,Point 100
-84.4269007,33.8333909,0,Point 101
-84.4269919,33.831957,0,Point 102
-84.4147992,33.8064282,0,Point 103
-84.4069191,33.8029766,0,Point 104
-84.4052635,33.8018009,0,Point 105
-84.3978884,33.6131557,0,Point 106
-84.3760311,33.5842663,0,Point 107
-84.3464658,33.5781523,0,Point 108
-84.339004,33.5758252,0,Point 109
-84.3216401,33.5663587,0,Point 110
-84.3217125,33.5662481,0,Point 111
-84.3174323,33.5628312,0,Point 112
-84.2792904,33.5483363,0,Point 113
-84.275573,33.5453236,0,Point 114
-84.2332687,33.508854,0,Point 115
-84.2302263,33.5034089,0,Point 116
-84.2168025,33.4789207,0,Point 117
-84.6548888,33.7684836,0,Point 118
-84.6491797,33.7688028,0,Point 119
-84.6077595,33.7774301,0,Point 120
-84.6026863,33.7765055,0,Point 121
-84.5640294,33.7744763,0,Point 122
-84.5577872,33.7733635,0,Point 123
-84.54998,33.7721224,0,Point 124
-84.5295647,33.7673875,0,Point 125
-84.4718239,33.758436,0,Point 126
-84.4695678,33.7570533,0,Point 127
-84.4477525,33.7518096,0,Point 128
-84.4434293,33.7495942,0,Point 129
-84.4282071,33.7452165,0,Point 130
-84.4199105,33.7418997,0,Point 131
-84.4162424,33.7412646,0,Point 132
-84.4129878,33.7411475,0,Point 133
-84.4053138,33.7421975,0,Point 134
-84.3999742,33.7447469,0,Point 135
-84.3966981,33.7456283,0,Point 136
-84.3953934,33.7451876,0,Point 137
-84.3841923,33.7430957,0,Point 138
-84.3780894,33.7430709,0,Point 139
-84.3699954,33.7436711,0,Point 140
-84.3512038,33.7454296,0,Point 141
-84.3481185,33.7458367,0,Point 142
-84.3473598,33.7452188,0,Point 143
-84.3361788,33.7454802,0,Point 144
-84.3292618,33.7411336,0,Point 145
-84.32779,33.738688,0,Point 146
-84.3233163,33.7279287,0,Point 147
-84.3125519,33.7172644,0,Point 148
-84.3036444,33.7148523,0,Point 149
-84.2748138,33.7133527,0,Point 150
-84.2698391,33.7137827,0,Point 151
-84.2544668,33.7166105,0,Point 152
-84.2189522,33.7121603,0,Point 153
-84.214511,33.7110203,0,Point 154
-84.1724621,33.703661,0,Point 155
-84.1677222,33.7031758,0,Point 156
-84.1365179,33.70413,0,Point 157
-84.1107829,33.7007215,0,Point 158
-84.0909468,33.7013914,0,Point 159
-84.0865774,33.698892,0,Point 160
-84.0640177,33.6841189,0,Point 161
-84.0635892,33.6821717,0,Point 162
-84.5152988,34.1471473,0,Point 163
-84.5184169,34.1436943,0,Point 164
-84.5282225,34.1220898,0,Point 165
-84.5310108,34.0986434,0,Point 166
-84.5340072,34.0885134,0,Point 167
-84.5372513,34.083065,0,Point 168
-84.5531206,34.0524085,0,Point 169
-84.560186,34.0505996,0,Point 170
-84.5614699,34.039431,0,Point 171
-84.562908,34.0356318,0,Point 172
-84.55769,34.0154685,0,Point 173
-84.5598371,34.0108106,0,Point 174
-84.4273701,33.9100923,0,Point 175
-84.4341351,33.9054129,0,Point 176
-84.4712902,33.8838557,0,Point 177
-84.4777693,33.8677275,0,Point 178
-84.4811213,33.8617203,0,Point 179
-84.4869294,33.8446974,0,Point 180
-84.4879508,33.8419166,0,Point 181
-84.4882733,33.8257474,0,Point 182
-84.4906791,33.8247906,0,Point 183
-84.4889642,33.79973,0,Point 184
-84.4912008,33.7886591,0,Point 185
-84.4947742,33.7852673,0,Point 186
-84.4953796,33.7521715,0,Point 187
-84.4962527,33.7525842,0,Point 188
-84.5023705,33.7252353,0,Point 189
-84.5029867,33.7207205,0,Point 190
-84.4971809,33.6581847,0,Point 191
-84.4979884,33.6544052,0,Point 192
-84.4938862,33.6394219,0,Point 193
-84.4912544,33.634528,0,Point 194
-84.4415396,33.6166138,0,Point 195
-84.4372427,33.6177004,0,Point 196
-84.4353613,33.6175537,0,Point 197
-84.2312552,33.7348608,0,Point 198
-84.2303493,33.7388008,0,Point 199
-84.2322318,33.7518693,0,Point 200
-84.2314981,33.7534285,0,Point 201
-84.2380442,33.7755664,0,Point 202
-84.24467,33.7817853,0,Point 203
-84.2501162,33.8008953,0,Point 204
-84.2501044,33.8052402,0,Point 205
-84.2528068,33.8277,0,Point 206
-84.2519406,33.8297161,0,Point 207
-84.247752,33.8442805,0,Point 208
-84.2466036,33.8474959,0,Point 209
-84.2461357,33.8521588,0,Point 210
-84.25008,33.8808842,0,Point 211
-84.2522466,33.8866513,0,Point 212
-84.2752526,33.9040256,0,Point 213
-84.2845892,33.9107197,0,Point 214
-84.2880576,33.9152592,0,Point 215
-84.2946066,33.9190348,0,Point 216
-84.3174321,33.9205601,0,Point 217
-84.3350161,33.9187107,0,Point 218
-84.341879,33.9172686,0,Point 219
-84.3509147,33.9138342,0,Point 220
-84.3637003,33.9104105,0,Point 221
-84.3754551,33.9116469,0,Point 222
-84.3846744,33.9126376,0,Point 223
-84.4046786,33.9155487,0,Point 224
-84.4095759,33.9162089,0,Point 225
-84.305724,33.63545,0,Point 226
-84.3021712,33.6310141,0,Point 227
-84.2963647,33.6143909,0,Point 228
-84.2961133,33.608431,0,Point 229
-84.2788773,33.5804518,0,Point 230
-84.2770381,33.5751829,0,Point 231
-84.2689332,33.556002,0,Point 232
-84.2691197,33.5503284,0,Point 233
-84.4927798,33.6905977,0,Point 234
-84.4117154,33.6963962,0,Point 235
-84.3600953,33.8286911,0,Point 236
-84.3435472,33.9796506,0,Point 237
-84.3399622,33.9851158,0,Point 238
-84.3215385,34.0250915,0,Point 239
-84.314373,34.0359375,0,Point 240
-84.3077074,34.0422392,0,Point 241
-84.2822064,34.055551,0,Point 242
-84.2732213,34.0668216,0,Point 243
-84.2706192,34.0705777,0,Point 244
-84.2635972,34.0858029,0,Point 245
-84.2594736,34.0903156,0,Point 246
-84.2249648,34.1144509,0,Point 247
-84.220823,34.1152194,0,Point 248
-84.1749373,34.1580503,0,Point 249
-84.1714797,34.1575155,0,Point 250
-84.1405045,34.1821792,0,Point 251
