X,Y,Z,Name,description
-122.1891916,48.152151,0,"172nd St W, I-5 S",
-122.1893783,48.1513395,0,"172nd St E, I-5 S",
-122.1828695,47.9909912,0,"Marine View Dr, I-5 S",
-122.1847957,47.9827248,0,"Everett Ave, I-5 N",
-122.1852784,47.982557,0,"US-2 W, I-5 N",
-122.1912658,47.9757458,0,"Pacific Ave, I-5 S",
-122.1984718,47.9658323,0,"41st St, I-5 N",
-122.1999191,47.9632728,0,"41st St, I-5 S",
-122.2004379,47.9595664,0,"Broadway, I-5 S",
-122.2059787,47.9187456,0,"Bothell Everett Hwy, I-5 N",
-122.2067788,47.9175335,0,"Everett Mall Way, I-5 N",
-122.2369058,47.879951,0,"128th St, I-5 S",
-122.256006,47.8519059,0,"164th St W, I-5 N",
-122.2566337,47.8511217,0,"164th St E, I-5 N",
-122.2582708,47.8488623,0,"164th St W, I-5 S",
-122.2585794,47.8482139,0,"164th St E, I-5 S",
-122.2658697,47.8293421,0,"I-405, I-5 S",
-122.2763959,47.8218517,0,"196th St W, I-5 N",
-122.2793352,47.8202374,0,"196th St E, I-5 N",
-122.2868205,47.8173712,0,"196th St, I-5 S",
-122.2934731,47.8140014,0,"44th Ave S, I-5 S",
-122.3129539,47.8015743,0,"220th St, I-5 N",
-122.3157472,47.7974587,0,"220th St, I-5 S",
-122.3159209,47.7845786,0,"205th St, I-5 N",
-122.3182782,47.7783191,0,"205th St W, I-5 S",
-122.318809,47.7762058,0,"205th St E, I-5 S",
-122.3278946,47.7575355,0,"175th St, I-5 N",
-122.3305746,47.7541988,0,"175th St, I-5 S",
-122.3297527,47.746766,0,"King County Metro North Base, I-5 S",
-122.3256746,47.7363033,0,"5th Ave, I-5 N",
-122.3248546,47.7213121,0,"130th St, I-5 S",
-122.3291896,47.7100521,0,"Northgate Way W, I-5 N",
-122.3293426,47.7100779,0,"Northgate Way E, I-5 N",
-122.3304544,47.7097529,0,"Northgate Way W, I-5 S",
-122.3309476,47.706553,0,"Northgate Way E, I-5 S",
-122.3285356,47.6902379,0,"Banner Way, I-5 N",
-122.3285995,47.6884045,0,"Banner Way, I-5 S",
-122.320588,47.6813469,0,"70th St, I-5 N",
-122.3214501,47.6671327,0,"50th St, I-5 N",
-122.3226887,47.6627532,0,"50th St, I-5 S",
-122.3215617,47.6634333,0,"45th St, I-5 N",
-122.322876,47.6592482,0,"45th St, I-5 S",
-122.3237602,47.6352639,0,"Newton St, I-5 S
",
-122.3295953,47.625748,0,"Mercer St, I-5 N",
-122.3313384,47.6249417,0,"Mercer St, I-5 S",
-122.3280736,47.6187644,0,"Olive Way, I-5 N",
-122.3312497,47.6100465,0,"University St, I-5 N",
-122.3184091,47.5732411,0,"Columbian Way W, I-5 N",
-122.3209119,47.5682956,0,"Columbian Way W, I-5 S",
-122.3150661,47.5508396,0,"Corson Ave, I-5 N",
-122.3104828,47.5472833,0,"Corson Ave, I-5 S",
-122.3111569,47.548449,0,"Swift Ave, I-5 N",
-122.2788007,47.5071321,0,"Boeing Access Rd E, I-5 N",
-122.2795685,47.5061079,0,"Martin Luther King Jr Way, I-5 N",
-122.2726843,47.4978166,0,"Martin Luther King Jr Way, I-5 S",
-122.2690333,47.4844677,0,"Interurban Ave N, I-5 N",
-122.266574,47.4666462,0,"Southcenter Blvd W, I-5 N",
-122.2645595,47.4558857,0,"WA-518 E, I-5 S",
-122.2700011,47.4324904,0,"188th St, I-5 N",
-122.273177,47.4312261,0,"188th St, I-5 S",
-122.2867466,47.4213247,0,"Military Rd, I-5 S",
-122.2900992,47.3937055,0,"Kent Des Moines Rd W, I-5 N",
-122.2893888,47.3894546,0,"Kent Des Moines Rd E, I-5 N",
-122.291271,47.390567,0,"Kent Des Moines Rd, I-5 S",
-122.2951901,47.3589113,0,"272nd St, I-5 N",
-122.2972279,47.3570993,0,"272nd St, I-5 S",
-122.2957954,47.3177518,0,"320th St W, I-5 N",
-122.2966606,47.3160154,0,"320th St E, I-5 N",
-122.2992335,47.3122375,0,"320th St, I-5 S",
-122.3048989,47.2922903,0,"WA-18 W, I-5 N",
-122.3050919,47.292407,0,"WA-18 E, I-5 N",
-122.3085887,47.2874884,0,"WA-18 E, I-5 S",
-122.3535518,47.2405841,0,"54th Ave, I-5 N",
-122.3572711,47.2411372,0,"54th Ave N, I-5 S",
-122.3594768,47.2411591,0,"54th Ave S, I-5 S",
-122.3825159,47.2406303,0,"Port of Tacoma Rd, I-5 N",'
-122.3894603,47.2417811,0,"Port of Tacoma Rd, I-5 S",
-122.4042603,47.2392403,0,"Bay St, I-5 N",
-122.4055537,47.2397357,0,"Bay St, I-5 S",
-122.4125142,47.2393424,0,"Portland Ave, I-5 S",
-122.463974,47.221065,0,"38th St, I-5 S",
-122.4612325,47.2085317,0,"56th St W, I-5 N",
-122.4615403,47.2084658,0,"56th St E, I-5 N",
-122.5032818,47.1470951,0,"Bridgeport Way, I-5 N",
-122.5054757,47.1475012,0,"Bridgeport Way, I-5 S",
-122.5239578,47.1373068,0,"Gravelly Lake Dr, I-5 N",
-122.526876,47.1366262,0,"Gravelly Lake Dr, I-5 S",
-122.5403014,47.1279538,0,"Murray Rd, I-5 N",
-122.5553978,47.118859,0,"Berkeley Ave, I-5 N",
-122.5597779,47.1172581,0,"Berkeley Ave, I-5 S",
-122.585174,47.1047496,0,"41st Division Dr N, I-5 N",
-122.5852476,47.1048395,0,"41st Division Dr S, I-5 N",
-122.5919189,47.1034736,0,"41st Division Dr N, I-5 S",
-122.5919939,47.1035778,0,"41st Division Dr S, I-5 S",
-122.6422948,47.0863409,0,"Center Dr, I-5 N",
-122.6473678,47.0881443,0,"Center Dr, I-5 S",
-122.6681754,47.0826246,0,"Nisqually Rd, I-5 N",
-122.6709735,47.0829452,0,"Nisqually Rd, I-5 S",
-122.7163487,47.0672504,0,"Martin Way, I-5 N",
-122.762038,47.0633718,0,"Marvin Rd, I-5 N",
-122.7850932,47.0607832,0,"Marvin Rd, I-5 S",
-122.8209272,47.0478229,0,"Martin Way, I-5 S",
-122.8379754,47.0458166,0,"Sleater Kinney Rd, I-5 S",
-122.8553213,47.040642,0,"Pacific Ave W, I-5 S",
-122.8553709,47.0407343,0,"Pacific Ave E, I-5 S",
-122.8939916,47.0302703,0,"14th Ave, I-5 S",
-122.894178,47.0302914,0,"Henderson Blvd, I-5 S",
-122.30897,47.5898774,0,"Rainier Ave S, I-90 E",
-122.3027159,47.5898514,0,"Rainier Ave N, I-90 E",
-122.2521602,47.5899867,0,"Mercer Way, I-90 W",
-122.2391211,47.5909935,0,"76th Ave, I-90 W",
-122.2335506,47.588491,0,"Island Crest Way, I-90 W",
-122.2284753,47.5858116,0,"Island Crest Way, I-90 E",
-122.2087394,47.5786594,0,"Mercer Way, I-90 W",
-122.2057118,47.5775406,0,"Mercer Way, I-90 E",
-122.1908115,47.5798597,0,"Bellevue Way, I-90 W",
-122.1709505,47.581278,0,"Richards Rd, I-90 W",
-122.170925,47.5813521,0,"32nd St, I-90 W",
-122.1423591,47.5793941,0,"150th Ave N, I-90 W",
-122.1347378,47.578223,0,"150th Ave, I-90 E",
-122.1024132,47.567598,0,"Lakemont Blvd, I-90 W",
-122.0618899,47.5494373,0,"17th Ave S, I-90 W",
-122.0618617,47.5491003,0,"17th Ave N, I-90 W",
-122.0374463,47.5419088,0,"Front St, I-90 W",
-122.0263041,47.5323927,0,"Highlands Dr, I-90 W",
-122.2481177,47.4645046,0,"Interurban Ave, I-405 S",'
-122.2462884,47.463336,0,"Interurban Ave, I-405 N",
-122.2204978,47.4680559,0,"Rainier Ave, I-405 S",
-122.2057824,47.4697926,0,"WA-515, I-405 N",
-122.1980873,47.4827413,0,"Bronson Way, I-405 S",
-122.1947858,47.4852978,0,"Bronson Way, I-405 N",
-122.1913121,47.4923294,0,"Sunset Blvd, I-405 N",
-122.196347,47.5007403,0,"Southport Dr, I-405 S",
-122.1967127,47.5034834,0,"Southport Dr, I-405 N",
-122.1988051,47.5175425,0,"30th St, I-405 S",
-122.1980201,47.5199261,0,"30th St, I-405 N",
-122.1976288,47.5302935,0,"44th St, I-405 S",
-122.1953926,47.5350477,0,"44th St, I-405 N",
-122.1910301,47.5563062,0,"Lake Washington Blvd, I-405 S",
-122.1882074,47.5583284,0,"Lake Washington Blvd, I-405 N",
-122.1819709,47.5671312,0,"Coal Creek Pkwy, I-405 S",
-122.1831974,47.6015482,0,"8th St, I-405 S",
-122.1846992,47.6043667,0,"8th St, I-405 N",
-122.189088,47.6117817,0,"4th St, I-405 S",
-122.1882449,47.614267,0,"4th St, I-405 N",
-122.1882444,47.626229,0,"8th St, I-405 N",
-122.3041193,47.6441567,0,"Montlake Pl, WA-520 E",In tunnel
-122.230387,47.636216,0,"84th Ave, WA-520 W",
-122.2159224,47.6406052,0,"92nd Ave, WA-520 E",
-122.2037299,47.64297,0,"Lake Washington Blvd, WA-520 W",
-122.1978972,47.6412597,0,"108th Ave, WA-520 W",
-122.1973345,47.6400068,0,"108th Ave, WA-520 E",
-122.1761748,47.6315398,0,"124th Ave, WA-520 W",
-122.1444065,47.6342062,0,"148th Ave S, WA-520 W",
-122.1432553,47.6346453,0,"148th Ave N, WA-520 W",
-122.1403842,47.6356457,0,"148th Ave, WA-520 E",
-122.134754,47.6441489,0,"40th St, WA-520 W",
-122.1354433,47.6480888,0,"40th St, WA-520 E",
-122.1382004,47.6527886,0,"51st St, WA-520 W",
-122.136887,47.6566595,0,"51st St, WA-520 E",
-122.1291013,47.6674258,0,"Lake Sammamish Pkwy, WA-520 W",
-122.1090599,47.6688917,0,"Redmond Way E, WA-520 W",
-122.1086616,47.6689784,0,"Redmond Way W, WA-520 W",
-122.18743,47.6657916,0,"70th St, I-405 S",
-122.1864915,47.6697434,0,"70th St, I-405 N",
-122.1860425,47.6777125,0,"85th St, I-405 S",
-122.1836685,47.6810715,0,"85th St, I-405 N",
-122.1802154,47.7004316,0,"116th St, I-405 S",
-122.1838905,47.7100403,0,"124th St E, I-405 S",
-122.1828981,47.709786,0,"124th St W, I-405 S",
-122.1823646,47.710601,0,"124th St E, I-405 N",
-122.1820426,47.710508,0,"124th St W, I-405 N",
-122.1819829,47.7105373,0,"Totem Lake Blvd, I-405 N",
-122.1878068,47.7200928,0,"132nd St, I-405 N",
-122.1877714,47.7386673,0,"Juanita Woodinville Way, I-405 S",
-122.1866221,47.7468037,0,"Juanita Woodinville Way, I-405 N",
-122.1863154,47.7478378,0,"Juanita Woodinville Way, WA-522",
-122.1863762,47.7570478,0,"WA-522 E, I-405 S",
-122.1835298,47.757658,0,"WA-522 E, I-405 N",
-122.1895881,47.7674621,0,"Beardslee Blvd, I-405 S",
-122.1892774,47.7701199,0,"Beardslee Blvd, I-405 N",
-122.2130123,47.7936414,0,"Bothell Everett Hwy N, I-405 S",
-122.2126103,47.7937199,0,"Bothell Everett Hwy S, I-405 S",
-122.2154829,47.7957844,0,"Bothell Everett Hwy N, I-405 N",
-122.2156677,47.7961086,0,"Bothell Everett Hwy S, I-405 N",
-122.2177205,47.4418649,0,"41st St, WA-167 S",
-122.2164707,47.443679,0,"180th St, WA-167 N",
-122.2202316,47.411541,0,"212th St, WA-167 N",
-122.2208512,47.4097218,0,"212th St, WA-167 S",
-122.2263526,47.3993578,0,"84th Ave, WA-167 N",
-122.2287999,47.3984938,0,"84th Ave, WA-167 S",
-122.2441543,47.3796781,0,"Willis St, WA-167 N",
-122.2447101,47.3763876,0,"Willis St, WA-167 S",
-122.2443381,47.3553821,0,"277th St, WA-167 N",
-122.2451306,47.3522482,0,"277th St, WA-167 S",
-122.2444962,47.3238453,0,"15th St, WA-167 N",
-122.2454946,47.3208697,0,"15th St, WA-167 S",
-122.2904344,47.2947794,0,"Weyerhaeuser Way, WA-18 E",
-122.2580239,47.2942161,0,"15th St W, WA-167 S",
-122.2582318,47.2942325,0,"15th St E, WA-167 S",
-122.2582157,47.2752238,0,"Ellingson Rd, WA-167 N",
-122.2601448,47.2714617,0,"Ellingson Rd, WA-167 S",
-122.2577847,47.2527708,0,"Stewart Rd, WA-167 N",
-122.2574746,47.2486227,0,"Stewart Rd, WA-167 S",
-122.2528926,47.2388392,0,"24th St, WA-167 N",
-122.4818076,47.1623428,0,"Tacoma Way, I-5 S",
-122.4662989,47.1602887,0,"Steele St, WA-512 W",
-122.464944,47.1590416,0,"Steele St, WA-512 E",
-122.4377914,47.1584739,0,"WA-7 S, WA-512 W",
-122.431916,47.1585,0,"WA-7 N, WA-512 W",
-122.4323659,47.1578648,0,"WA-7, WA-512 E",
-122.6710604,45.6245306,0,"Washington St, I-5 S",
-122.6662519,45.630322,0,"Mill Plain Blvd, I-5 S",
-122.6623153,45.6393502,0,"4th Plain Blvd, I-5 S",
-122.6621748,45.6464495,0,"WA-500, I-5 S",
-122.6647582,45.6568507,0,"Main St, I-5 S",
-122.6649672,45.6767278,0,"78th St, I-5 S",
-122.5589599,45.6261112,0,"Mill Plain Blvd, I-205 N",
-122.5733261,45.6601081,0,"WA-500, I-205 N",
-117.5035309,47.6191508,0,"Grove Rd S, I-90 E",
-117.4999702,47.6211065,0,"Grove Rd N, I-90 E",
-117.4323768,47.6518735,0,"Walnut St, I-90 E",
-117.4284431,47.6524466,0,"Monroe St, I-90 E",
-117.4153939,47.6529169,0,"Browne St, I-90 W",
-117.4107794,47.6524178,0,"Browne St, I-90 E",
-122.4478899,45.5398027,0,"Fairview Pkwy, I-84 W",
-122.547663,45.5721263,0,"Airport Way E, I-205 N",
-122.5475584,45.5720935,0,"Airport Way W, I-205 N",
-122.5490465,45.5721571,0,"Airport Way W, I-205 S",
-122.5523445,45.5696589,0,"Airport Way E, I-205 S",
-122.5606164,45.5622051,0,"Lombard St, I-205 N",
-122.5660188,45.5594807,0,"Lombard St, I-205 S",
-122.564765,45.5293991,0,"Glisan St, I-205 N",
-122.5657754,45.5228822,0,"Glisan St, I-205 S",
-122.5658819,45.5166472,0,"Washington St, I-205 S",
-122.5648738,45.5064552,0,"Division St, I-205 N",
-122.5657634,45.5010749,0,"Division St, I-205 S",
-122.5649532,45.5004812,0,"Powell Blvd, I-205 N",
-122.5658447,45.4952493,0,"Powell Blvd, I-205 S",
-122.5654329,45.4806414,0,Point 241,
-122.5661648,45.4763058,0,Point 242,
-122.571408,45.4548208,0,Point 243,
-122.5736079,45.4549735,0,Point 244,
-122.5665126,45.4361983,0,Point 245,
-122.5652296,45.4319691,0,Point 246,
-122.566222,45.431272,0,Point 247,
-122.5671355,45.4277407,0,Point 248,
-122.5731927,45.4191713,0,Point 249,
-122.5760497,45.4205784,0,Point 250,
-122.5762609,45.4205413,0,Point 251,
-122.5714824,45.4092258,0,Point 252,
-122.5720561,45.4044607,0,Point 253,
-122.578757,45.3843197,0,Point 254,
-122.5800958,45.3830506,0,Point 255,
-122.5858745,45.3753078,0,Point 256,
-122.5891808,45.3740064,0,Point 257,
-122.5983252,45.365766,0,Point 258,
-122.5994328,45.3664422,0,Point 259,
-122.6105794,45.3617081,0,Point 260,
-122.6124979,45.3619765,0,Point 261,
-122.6467247,45.3476998,0,Point 262,
-122.6542547,45.3484214,0,Point 263,
-122.7028299,45.3687151,0,Point 264,
-122.7081065,45.371322,0,Point 265,
-122.7698055,45.2998415,0,Point 266,
-122.7688578,45.3050421,0,Point 267,
-122.7703898,45.3352381,0,Point 268,
-122.7698466,45.3371266,0,Point 269,
-122.7686995,45.3348736,0,Point 270,
-122.7687713,45.3375887,0,Point 271,
-122.7535252,45.3814507,0,Point 272,
-122.7522221,45.3820517,0,Point 273,
-122.751482,45.3839138,0,Point 274,
-122.7482873,45.3946088,0,Point 275,
-122.7460167,45.3980631,0,Point 276,
-122.7445553,45.4065743,0,Point 277,
-122.7435798,45.4100081,0,Point 278,
-122.7456759,45.4208778,0,Point 279,
-122.7426026,45.4223775,0,Point 280,
-122.7445381,45.4327532,0,Point 281,
-122.7429639,45.4341382,0,Point 282,
-122.7423263,45.4415156,0,Point 283,
-122.7398542,45.4431717,0,Point 284,
-122.7197628,45.4532034,0,Point 285,
-122.6997448,45.4620086,0,Point 286,
-122.6949795,45.4653798,0,Point 287,
-122.6855338,45.4699473,0,Point 288,
-122.6854508,45.4697678,0,Point 289,
-122.6737825,45.4948876,0,Point 290,
-122.672812,45.5001383,0,Point 291,
-122.675225,45.5053725,0,Point 292,
-122.6661858,45.5189132,0,Point 293,
-122.6659195,45.5195372,0,Point 294,
-122.6652839,45.5204917,0,Point 295,
-122.6658501,45.5326056,0,Point 296,
-122.6680834,45.5369618,0,Point 297,
-122.6760891,45.5443127,0,Point 298,
-122.6789538,45.5551921,0,Point 299,
-122.6774322,45.5548726,0,Point 300,
-122.6789127,45.5574228,0,Point 301,
-122.678284,45.5617211,0,Point 302,
-122.6790516,45.5687215,0,Point 303,
-122.6782231,45.5713954,0,Point 304,
-122.6789611,45.5763282,0,Point 305,
-122.6795839,45.5781498,0,Point 306,
-122.6794466,45.5838794,0,Point 307,
-122.683536,45.5930118,0,Point 308,
-122.6837599,45.5960991,0,Point 309,
-122.6852054,45.5958548,0,Point 310,
-122.6835271,45.6029534,0,Point 311,
-122.6810796,45.6040652,0,Point 312,
-122.6797287,45.6113458,0,Point 313,
-122.6787438,45.6114645,0,Point 314,
-122.5815519,45.534525,0,Point 315,
-122.5998095,45.5299056,0,Point 316,
-122.6068366,45.5275372,0,Point 317,
-122.6214778,45.5325735,0,Point 318,
-122.6272549,45.5343173,0,Point 319,
-122.6318535,45.5337085,0,Point 320,
-122.6481427,45.5294089,0,Point 321,
-122.6594019,45.5259512,0,Point 322,
-122.7500154,45.4247886,0,Point 323,
-122.7509545,45.4263321,0,Point 324,
-122.7604625,45.4333541,0,Point 325,
-122.7605838,45.4342387,0,Point 326,
-122.7641373,45.437104,0,Point 327,
-122.7756259,45.4425953,0,Point 328,
-122.7788395,45.4445935,0,Point 329,
-122.7843319,45.4495987,0,Point 330,
-122.7842598,45.4565156,0,Point 331,
-122.785289,45.4591409,0,Point 332,
-122.7863616,45.4675802,0,Point 333,
-122.7857173,45.4709996,0,Point 334,
-122.790398,45.4780333,0,Point 335,
-122.7933247,45.4842638,0,Point 336,
-122.7916086,45.4926464,0,Point 337,
-122.7913862,45.4972851,0,Point 338,
-122.7894633,45.4997524,0,Point 339,
-122.7821427,45.504922,0,Point 340,
-122.6824524,45.5062128,0,Point 341,
-122.684347,45.5074748,0,Point 342,
-122.6899114,45.512631,0,Point 343,
-122.6887497,45.5162355,0,Point 344,
-122.6870358,45.5239946,0,Point 345,
-122.6864914,45.524797,0,Point 346,
-122.6865649,45.5273173,0,Point 347,
-122.6745204,45.5448149,0,Point 348,
-122.6897257,45.515293,0,Point 349,
-122.6994621,45.5165188,0,Point 350,
-122.7174245,45.5065474,0,Point 351,
-122.7344499,45.5084368,0,Point 352,
-122.7368605,45.5090672,0,Point 353,
-122.7417319,45.5081393,0,Point 354,
-122.7763248,45.5070109,0,Point 355,
-122.7762122,45.5071293,0,Point 356,
-122.7804706,45.509874,0,Point 357,
-122.7902059,45.5123713,0,Point 358,
-122.7992739,45.5162928,0,Point 359,
-122.8126067,45.5207563,0,Point 360,
-122.8176033,45.5233328,0,Point 361,
-122.8357911,45.5295503,0,Point 362,
-122.844892,45.5336567,0,Point 363,
-122.8631129,45.539858,0,Point 364,
-122.8683055,45.5417925,0,Point 365,
-122.8696633,45.5430207,0,Point 366,
-122.8974915,45.5528229,0,Point 367,
-122.9030272,45.5547959,0,Point 368,
-122.9224043,45.5622645,0,Point 369,
-122.9647877,45.5781291,0,Point 370,
-123.12485,44.0972125,0,"River Rd, OR-569 E",
-123.1113627,44.0966214,0,"River Ave, OR-569 E",
-123.1014796,44.0933202,0,"Green Acres Rd, OR-569 W",
-123.0977688,44.091515,0,"Delta Hwy, OR-569W",
-123.0703951,44.0879688,0,"Coburg Rd, OR-569 W",
